{"cameraMode":{"drawMode":0,"name":"Shaded","section":"Shading Mode"},"sceneLighting":false,"audioPlay":false,"sceneViewState":{"m_AlwaysRefresh":false,"showFog":true,"showSkybox":false,"showFlares":true,"showImageEffects":true,"showParticleSystems":true,"showVisualEffectGraphs":true,"m_FxEnabled":true},"in2DMode":false,"pivot":{"x":4.535663604736328,"y":0.2645152509212494,"z":-4.535686492919922},"rotation":{"x":0.5774611234664917,"y":-0.0009809548500925303,"z":0.0006991582340560854,"w":0.8164291977882385},"size":42.42708969116211,"orthographic":false}