{"cameraMode":{"drawMode":0,"name":"Shaded","section":"Shading Mode"},"sceneLighting":false,"audioPlay":false,"sceneViewState":{"m_AlwaysRefresh":false,"showFog":true,"showSkybox":false,"showFlares":true,"showImageEffects":true,"showParticleSystems":true,"showVisualEffectGraphs":true,"m_FxEnabled":true},"in2DMode":false,"pivot":{"x":-0.21300935745239259,"y":0.24251890182495118,"z":-0.058922767639160159},"rotation":{"x":-0.14164090156555177,"y":0.3226979076862335,"z":0.0487140528857708,"w":0.9349516034126282},"size":10.815435409545899,"orthographic":false}