{"cameraMode":{"drawMode":0,"name":"Shaded","section":"Shading Mode"},"sceneLighting":false,"audioPlay":false,"sceneViewState":{"m_AlwaysRefresh":false,"showFog":true,"showSkybox":false,"showFlares":true,"showImageEffects":true,"showParticleSystems":true,"showVisualEffectGraphs":true,"m_FxEnabled":true},"in2DMode":false,"pivot":{"x":-4.238044738769531,"y":0.6971648335456848,"z":0.17873454093933106},"rotation":{"x":-0.021189197897911073,"y":0.7886021733283997,"z":0.02721756510436535,"w":0.6139357686042786},"size":2.610762596130371,"orthographic":false}